{
	"files": [

	],
	"folders": {
		"Characters": {
			"files": [
				"character-1643172728.json",
				"character-1643173032.json",
				"character-1643174816.json"
			],
			"folders": {

			},
			"metadata": {
				"color": null,
				"folded": false
			}
		},
		"Definitions": {
			"files": [

			],
			"folders": {

			},
			"metadata": {
				"color": null,
				"folded": false
			}
		},
		"Themes": {
			"files": [
				"default-theme.cfg",
				"cover screen.png",
				"cover screen.png.import",
				"cover screen2.png",
				"cover screen2.png.import",
				"cover screen3.png",
				"cover screen3.png.import"
			],
			"folders": {

			},
			"metadata": {
				"color": null,
				"folded": false
			}
		},
		"Timelines": {
			"files": [
				"timeline-1643172918.json"
			],
			"folders": {

			},
			"metadata": {
				"color": null,
				"folded": false
			}
		}
	}
}
